:START_ID,:END_ID,:TYPE
0,21238,acted_in
0,20270,acted_in
0,22696,acted_in
0,21624,acted_in
0,22232,acted_in
0,22138,acted_in
0,22959,acted_in
0,22640,acted_in
0,21437,acted_in
0,20180,acted_in
0,20416,acted_in
0,21320,acted_in
0,20300,acted_in
0,21271,acted_in
0,23091,acted_in
0,20798,acted_in
0,21725,acted_in
0,20590,acted_in
0,21684,acted_in
0,21923,acted_in
0,21411,acted_in
0,20249,acted_in
0,21396,acted_in
0,22285,acted_in
0,22262,acted_in
1,22290,acted_in
1,22088,acted_in
1,22886,acted_in
1,22604,acted_in
1,20073,acted_in
1,21252,acted_in
1,22953,acted_in
1,22972,acted_in
1,21400,acted_in
1,21253,acted_in
1,20179,acted_in
1,20848,acted_in
1,20727,acted_in
1,23166,acted_in
1,21897,acted_in
1,21263,acted_in
1,22214,acted_in
1,22106,acted_in
1,23174,acted_in
1,22809,acted_in
1,20287,acted_in
1,20895,acted_in
1,22709,acted_in
1,20746,acted_in
1,22673,acted_in
1,20304,acted_in
1,23076,acted_in
1,23109,acted_in
2,23129,acted_in
2,21197,acted_in
2,21655,acted_in
2,20069,acted_in
2,22591,acted_in
2,20118,acted_in
2,23106,acted_in
2,22745,acted_in
2,20290,acted_in
2,21767,acted_in
2,21853,acted_in
2,22778,acted_in
2,21421,acted_in
2,20728,acted_in
2,21650,acted_in
2,21326,acted_in
2,20620,acted_in
2,22323,acted_in
2,21752,acted_in
2,22721,acted_in
2,20629,acted_in
2,20517,acted_in
2,22529,acted_in
2,20862,acted_in
2,20387,acted_in
2,21927,acted_in
2,21999,acted_in
2,20784,acted_in
2,20460,acted_in
2,20193,acted_in
2,22790,acted_in
2,21532,acted_in
2,20952,acted_in
2,21461,acted_in
2,22823,acted_in
2,21816,acted_in
2,22050,acted_in
2,20774,acted_in
2,23095,acted_in
2,22293,acted_in
2,20063,acted_in
2,22253,acted_in
2,22202,acted_in
2,22366,acted_in
2,20195,acted_in
2,20018,acted_in
2,20457,acted_in
2,21141,acted_in
2,20248,acted_in
2,23173,acted_in
2,20510,acted_in
3,23035,acted_in
3,20220,acted_in
3,22257,acted_in
3,20654,acted_in
3,21300,acted_in
3,22565,acted_in
3,21059,acted_in
3,20047,acted_in
3,21874,acted_in
3,20518,acted_in
3,21130,acted_in
3,20376,acted_in
3,22628,acted_in
3,20086,acted_in
3,22016,acted_in
3,22448,acted_in
3,21562,acted_in
3,20261,acted_in
3,20894,acted_in
3,22458,acted_in
3,20649,acted_in
3,21589,acted_in
3,20478,acted_in
3,20993,acted_in
3,21459,acted_in
3,20401,acted_in
3,21778,acted_in
3,22372,acted_in
3,21342,acted_in
3,21950,acted_in
3,21389,acted_in
3,21019,acted_in
3,20429,acted_in
3,21497,acted_in
3,22881,acted_in
3,22236,acted_in
3,20646,acted_in
3,22482,acted_in
3,21291,acted_in
3,20011,acted_in
3,22733,acted_in
3,20135,acted_in
3,21225,acted_in
3,22859,acted_in
3,21307,acted_in
3,22788,acted_in
3,23039,acted_in
3,22128,acted_in
3,22162,acted_in
3,20538,acted_in
3,20907,acted_in
3,20432,acted_in
3,21117,acted_in
3,22602,acted_in
3,22126,acted_in
3,23047,acted_in
3,22911,acted_in
3,22979,acted_in
3,21909,acted_in
3,20394,acted_in
3,20868,acted_in
3,20417,acted_in
3,20797,acted_in
4,20390,acted_in
4,20143,acted_in
4,22296,acted_in
4,21455,acted_in
4,22522,acted_in
4,20260,acted_in
4,21758,acted_in
4,20104,acted_in
4,22851,acted_in
4,22936,acted_in
4,22769,acted_in
4,21844,acted_in
4,23033,acted_in
4,21190,acted_in
4,21318,acted_in
4,20884,acted_in
4,21898,acted_in
4,23034,acted_in
4,21499,acted_in
4,21647,acted_in
4,21336,acted_in
4,20296,acted_in
4,21939,acted_in
4,22815,acted_in
4,22674,acted_in
4,20707,acted_in
4,21530,acted_in
4,22144,acted_in
4,20982,acted_in
4,21153,acted_in
4,21743,acted_in
4,23137,acted_in
4,20070,acted_in
4,23155,acted_in
4,22070,acted_in
4,21442,acted_in
4,21504,acted_in
4,20872,acted_in
4,22530,acted_in
4,23139,acted_in
4,22514,acted_in
4,20945,acted_in
4,20866,acted_in
5,21761,acted_in
5,20604,acted_in
5,22775,acted_in
5,20108,acted_in
5,20736,acted_in
5,20618,acted_in
5,21111,acted_in
5,22939,acted_in
5,21287,acted_in
5,21108,acted_in
5,20262,acted_in
5,21822,acted_in
5,20713,acted_in
5,22897,acted_in
5,22109,acted_in
5,20962,acted_in
5,22475,acted_in
5,20171,acted_in
5,20001,acted_in
5,22279,acted_in
5,21274,acted_in
5,20202,acted_in
5,22376,acted_in
5,20316,acted_in
5,21625,acted_in
5,21677,acted_in
5,20087,acted_in
5,22657,acted_in
5,20943,acted_in
6,22603,acted_in
6,21494,acted_in
6,20410,acted_in
6,22091,acted_in
6,20686,acted_in
6,22444,acted_in
6,20822,acted_in
6,22708,acted_in
6,20155,acted_in
6,21384,acted_in
6,21596,acted_in
6,20158,acted_in
6,21847,acted_in
6,21584,acted_in
6,20959,acted_in
6,22993,acted_in
6,20951,acted_in
6,22133,acted_in
6,21220,acted_in
6,22657,acted_in
6,22663,acted_in
6,22249,acted_in
6,22163,acted_in
7,23077,acted_in
7,20515,acted_in
7,21699,acted_in
7,22457,acted_in
7,22724,acted_in
7,22280,acted_in
7,21327,acted_in
7,22352,acted_in
7,20334,acted_in
7,22260,acted_in
7,21340,acted_in
7,23124,acted_in
7,21249,acted_in
7,21434,acted_in
7,21415,acted_in
7,22172,acted_in
7,23063,acted_in
7,20115,acted_in
7,21866,acted_in
7,20896,acted_in
7,22269,acted_in
7,22190,acted_in
7,23189,acted_in
7,22641,acted_in
7,22976,acted_in
7,21248,acted_in
7,20849,acted_in
7,21438,acted_in
8,23035,acted_in
8,22910,acted_in
8,22396,acted_in
8,22007,acted_in
8,20461,acted_in
8,20288,acted_in
8,20264,acted_in
8,21540,acted_in
8,21281,acted_in
8,21977,acted_in
8,22280,acted_in
8,22173,acted_in
8,20914,acted_in
8,21830,acted_in
8,21741,acted_in
8,20090,acted_in
8,20718,acted_in
8,22965,acted_in
8,22156,acted_in
8,21787,acted_in
8,20522,acted_in
8,21863,acted_in
8,21248,acted_in
8,22461,acted_in
8,22885,acted_in
8,20869,acted_in
8,20294,acted_in
8,22594,acted_in
8,21011,acted_in
8,22741,acted_in
8,21957,acted_in
9,20219,acted_in
9,21201,acted_in
9,20657,acted_in
9,21138,acted_in
9,22899,acted_in
9,20174,acted_in
9,22944,acted_in
9,21623,acted_in
9,20125,acted_in
9,22569,acted_in
9,22799,acted_in
9,22156,acted_in
9,22755,acted_in
9,20494,acted_in
9,22644,acted_in
9,21290,acted_in
9,21555,acted_in
9,21233,acted_in
9,22722,acted_in
9,22285,acted_in
9,22806,acted_in
9,22907,acted_in
9,22318,acted_in
9,22149,acted_in
9,22981,acted_in
9,20562,acted_in
10,21814,acted_in
10,21893,acted_in
10,22463,acted_in
10,21917,acted_in
10,22449,acted_in
10,21812,acted_in
10,21687,acted_in
10,21773,acted_in
10,22053,acted_in
10,21575,acted_in
10,21797,acted_in
10,21910,acted_in
10,20607,acted_in
10,22817,acted_in
10,21765,acted_in
10,20741,acted_in
10,23003,acted_in
10,20501,acted_in
10,22213,acted_in
10,22599,acted_in
10,21454,acted_in
10,21549,acted_in
10,22397,acted_in
10,21221,acted_in
10,22127,acted_in
10,21211,acted_in
10,20946,acted_in
10,21522,acted_in
10,22312,acted_in
10,21534,acted_in
10,22824,acted_in
10,22725,acted_in
10,20676,acted_in
10,22327,acted_in
10,22125,acted_in
10,22741,acted_in
10,22756,acted_in
10,20600,acted_in
10,21742,acted_in
10,21416,acted_in
10,20310,acted_in
10,21788,acted_in
10,22256,acted_in
10,22995,acted_in
10,20241,acted_in
10,22933,acted_in
11,21862,acted_in
11,20859,acted_in
11,22068,acted_in
11,21845,acted_in
11,22607,acted_in
11,20752,acted_in
11,21468,acted_in
11,21855,acted_in
11,21051,acted_in
11,20716,acted_in
11,21610,acted_in
11,21500,acted_in
11,21632,acted_in
11,21914,acted_in
11,22531,acted_in
11,23163,acted_in
11,21815,acted_in
11,21424,acted_in
11,20592,acted_in
11,22842,acted_in
11,20358,acted_in
11,20516,acted_in
12,23099,acted_in
12,20391,acted_in
12,22850,acted_in
12,20138,acted_in
12,20502,acted_in
12,22875,acted_in
12,20524,acted_in
12,22252,acted_in
12,21045,acted_in
12,21920,acted_in
12,21085,acted_in
12,20239,acted_in
12,22957,acted_in
12,23053,acted_in
12,21106,acted_in
12,21172,acted_in
12,20565,acted_in
12,22104,acted_in
12,22221,acted_in
12,21832,acted_in
12,21759,acted_in
12,21541,acted_in
12,22979,acted_in
13,21514,acted_in
13,21848,acted_in
13,20499,acted_in
13,22066,acted_in
13,21115,acted_in
13,22129,acted_in
13,21488,acted_in
13,22399,acted_in
13,22474,acted_in
13,21607,acted_in
13,22968,acted_in
13,21739,acted_in
13,20403,acted_in
14,22298,acted_in
14,21708,acted_in
14,21213,acted_in
14,22838,acted_in
14,21790,acted_in
14,23123,acted_in
14,22309,acted_in
14,21705,acted_in
14,22760,acted_in
14,21770,acted_in
14,20482,acted_in
14,21209,acted_in
14,23119,acted_in
14,21531,acted_in
14,21637,acted_in
14,21188,acted_in
14,20766,acted_in
15,22813,acted_in
15,22952,acted_in
15,21516,acted_in
15,22425,acted_in
15,22411,acted_in
15,22497,acted_in
15,21153,acted_in
15,21306,acted_in
15,20856,acted_in
15,22514,acted_in
15,21353,acted_in
15,20945,acted_in
15,21507,acted_in
15,21154,acted_in
15,21239,acted_in
15,22846,acted_in
15,21063,acted_in
15,21442,acted_in
15,22093,acted_in
15,20019,acted_in
15,21995,acted_in
15,23120,acted_in
15,22535,acted_in
15,21484,acted_in
15,23139,acted_in
15,23093,acted_in
15,22797,acted_in
15,22295,acted_in
15,22013,acted_in
15,22670,acted_in
16,22111,acted_in
16,22404,acted_in
16,20319,acted_in
16,23190,acted_in
16,21717,acted_in
16,22791,acted_in
16,20569,acted_in
16,20703,acted_in
16,22943,acted_in
16,22679,acted_in
16,22212,acted_in
16,22277,acted_in
16,23177,acted_in
16,21223,acted_in
16,22548,acted_in
16,22179,acted_in
16,20496,acted_in
16,20027,acted_in
16,20344,acted_in
16,20332,acted_in
16,22920,acted_in
16,20674,acted_in
16,22590,acted_in
16,20915,acted_in
16,22422,acted_in
16,23001,acted_in
16,23121,acted_in
16,21945,acted_in
16,20212,acted_in
16,21744,acted_in
16,22017,acted_in
16,20747,acted_in
16,23064,acted_in
16,22167,acted_in
16,22986,acted_in
16,20312,acted_in
16,22911,acted_in
16,20969,acted_in
16,23055,acted_in
16,21026,acted_in
16,21186,acted_in
16,21029,acted_in
16,22078,acted_in
17,20819,acted_in
17,23089,acted_in
17,23162,acted_in
17,22071,acted_in
17,22374,acted_in
17,21533,acted_in
17,20621,acted_in
17,22481,acted_in
17,20956,acted_in
17,20074,acted_in
17,23010,acted_in
17,22504,acted_in
17,20005,acted_in
17,21475,acted_in
17,22057,acted_in
17,21901,acted_in
17,23185,acted_in
17,23002,acted_in
17,20570,acted_in
17,21986,acted_in
17,22512,acted_in
17,21798,acted_in
17,21465,acted_in
17,20928,acted_in
17,20519,acted_in
17,20733,acted_in
17,21101,acted_in
17,21789,acted_in
17,21447,acted_in
17,21885,acted_in
17,20655,acted_in
17,21671,acted_in
17,22671,acted_in
17,22203,acted_in
18,22148,acted_in
18,20442,acted_in
18,21096,acted_in
18,20803,acted_in
18,20708,acted_in
18,21219,acted_in
18,22146,acted_in
18,20886,acted_in
18,21581,acted_in
18,22145,acted_in
18,23098,acted_in
18,22186,acted_in
18,22407,acted_in
18,22038,acted_in
18,23094,acted_in
18,21184,acted_in
18,20124,acted_in
18,22830,acted_in
18,22834,acted_in
18,20769,acted_in
18,21656,acted_in
18,20958,acted_in
18,22089,acted_in
18,21886,acted_in
18,21527,acted_in
18,20497,acted_in
18,20284,acted_in
18,20768,acted_in
18,21981,acted_in
18,20136,acted_in
18,22807,acted_in
18,23027,acted_in
18,21046,acted_in
18,22113,acted_in
18,22503,acted_in
18,21975,acted_in
18,20579,acted_in
18,21351,acted_in
18,20398,acted_in
18,22383,acted_in
18,21425,acted_in
18,20820,acted_in
18,23183,acted_in
18,22392,acted_in
18,20053,acted_in
18,21262,acted_in
18,20157,acted_in
18,21510,acted_in
18,22320,acted_in
18,20585,acted_in
18,21177,acted_in
18,22510,acted_in
18,21345,acted_in
18,22960,acted_in
19,21793,acted_in
19,21119,acted_in
19,23078,acted_in
19,20843,acted_in
19,21940,acted_in
19,22964,acted_in
19,21605,acted_in
19,21451,acted_in
19,22586,acted_in
19,20724,acted_in
19,20508,acted_in
19,21611,acted_in
19,21499,acted_in
19,22739,acted_in
19,22764,acted_in
19,20876,acted_in
19,22665,acted_in
20,20217,acted_in
20,21804,acted_in
20,20272,acted_in
20,20789,acted_in
20,20923,acted_in
20,20298,acted_in
20,20046,acted_in
20,21020,acted_in
20,21331,acted_in
20,21887,acted_in
20,22316,acted_in
20,23104,acted_in
20,23140,acted_in
20,20977,acted_in
20,21275,acted_in
20,20954,acted_in
20,22951,acted_in
20,20397,acted_in
20,23056,acted_in
20,21135,acted_in
20,21949,acted_in
20,22177,acted_in
20,22267,acted_in
21,22816,acted_in
21,20021,acted_in
21,22021,acted_in
21,20190,acted_in
21,22524,acted_in
21,22988,acted_in
21,20523,acted_in
21,20031,acted_in
21,20265,acted_in
21,22494,acted_in
21,22041,acted_in
21,21619,acted_in
21,21509,acted_in
21,22977,acted_in
21,20258,acted_in
21,21841,acted_in
21,22073,acted_in
21,22049,acted_in
21,22627,acted_in
21,20186,acted_in
21,20178,acted_in
21,21175,acted_in
21,21279,acted_in
21,22648,acted_in
21,22508,acted_in
21,20709,acted_in
21,20528,acted_in
21,20437,acted_in
21,22654,acted_in
21,21061,acted_in
21,22521,acted_in
21,22763,acted_in
21,20883,acted_in
21,20044,acted_in
22,20273,acted_in
22,20563,acted_in
22,21682,acted_in
22,22867,acted_in
22,20184,acted_in
22,22338,acted_in
22,20642,acted_in
22,21760,acted_in
22,22199,acted_in
22,20787,acted_in
22,20955,acted_in
22,21350,acted_in
22,21082,acted_in
22,21658,acted_in
22,20697,acted_in
22,21344,acted_in
22,21482,acted_in
22,22492,acted_in
22,20817,acted_in
22,20281,acted_in
22,20972,acted_in
22,20023,acted_in
23,21283,acted_in
23,20308,acted_in
23,22168,acted_in
23,20367,acted_in
23,22624,acted_in
23,22768,acted_in
23,21517,acted_in
23,22540,acted_in
23,22852,acted_in
23,21948,acted_in
23,20489,acted_in
23,20701,acted_in
23,22054,acted_in
23,20144,acted_in
23,21005,acted_in
23,21156,acted_in
23,22932,acted_in
23,21913,acted_in
23,21919,acted_in
23,22381,acted_in
23,21077,acted_in
23,20128,acted_in
23,21153,acted_in
23,20368,acted_in
23,22015,acted_in
24,20165,acted_in
24,20971,acted_in
24,22629,acted_in
24,22800,acted_in
24,22854,acted_in
24,21953,acted_in
24,21563,acted_in
24,22753,acted_in
24,20408,acted_in
24,23081,acted_in
24,22684,acted_in
24,21027,acted_in
24,22264,acted_in
24,21826,acted_in
24,21772,acted_in
24,21748,acted_in
24,21458,acted_in
24,21535,acted_in
24,21731,acted_in
24,21078,acted_in
24,22014,acted_in
24,23146,acted_in
24,22727,acted_in
24,21730,acted_in
24,22315,acted_in
24,20413,acted_in
24,20588,acted_in
24,22792,acted_in
24,21795,acted_in
24,22424,acted_in
24,20744,acted_in
24,22224,acted_in
24,21878,acted_in
24,21620,acted_in
24,22272,acted_in
24,22419,acted_in
24,21753,acted_in
24,22705,acted_in
24,23164,acted_in
24,21718,acted_in
24,22082,acted_in
24,22564,acted_in
24,22464,acted_in
24,21823,acted_in
25,23118,acted_in
25,22055,acted_in
25,22825,acted_in
25,22940,acted_in
25,20347,acted_in
25,21824,acted_in
25,21794,acted_in
25,22363,acted_in
25,21538,acted_in
25,22687,acted_in
25,21388,acted_in
25,20752,acted_in
25,21204,acted_in
25,20737,acted_in
25,22994,acted_in
25,22748,acted_in
25,22649,acted_in
25,20166,acted_in
25,22866,acted_in
25,22802,acted_in
25,21784,acted_in
25,23006,acted_in
25,22934,acted_in
25,20130,acted_in
25,22938,acted_in
25,22614,acted_in
25,20007,acted_in
25,21256,acted_in
25,21523,acted_in
25,22600,acted_in
25,20645,acted_in
25,22321,acted_in
25,22187,acted_in
25,20454,acted_in
25,20189,acted_in
25,20601,acted_in
26,22300,acted_in
26,21329,acted_in
26,23143,acted_in
26,21691,acted_in
26,23188,acted_in
26,21471,acted_in
26,20690,acted_in
26,22282,acted_in
26,20622,acted_in
26,20425,acted_in
26,20091,acted_in
26,21176,acted_in
26,20137,acted_in
26,20250,acted_in
26,22923,acted_in
26,21157,acted_in
26,23025,acted_in
26,21343,acted_in
26,20903,acted_in
26,21007,acted_in
26,22188,acted_in
26,21147,acted_in
26,20306,acted_in
26,21899,acted_in
26,21129,acted_in
26,21276,acted_in
26,21491,acted_in
26,20479,acted_in
26,20870,acted_in
26,20299,acted_in
26,22752,acted_in
26,22484,acted_in
26,21941,acted_in
27,22110,acted_in
27,20578,acted_in
27,22491,acted_in
27,22382,acted_in
27,20991,acted_in
27,22719,acted_in
27,22143,acted_in
27,22937,acted_in
27,20200,acted_in
27,22048,acted_in
27,23148,acted_in
27,20593,acted_in
27,20341,acted_in
27,20041,acted_in
27,21284,acted_in
27,20531,acted_in
27,23038,acted_in
27,22954,acted_in
27,21357,acted_in
27,20444,acted_in
27,20396,acted_in
27,22860,acted_in
27,22365,acted_in
27,21485,acted_in
27,21170,acted_in
27,23176,acted_in
27,20080,acted_in
27,23144,acted_in
27,21573,acted_in
27,22668,acted_in
27,21501,acted_in
27,21408,acted_in
27,20544,acted_in
27,21936,acted_in
27,22002,acted_in
27,20685,acted_in
27,20156,acted_in
28,23060,acted_in
28,21185,acted_in
28,21665,acted_in
28,21376,acted_in
28,20452,acted_in
28,22730,acted_in
28,22912,acted_in
28,20898,acted_in
28,20323,acted_in
28,21548,acted_in
28,22874,acted_in
28,20337,acted_in
28,20712,acted_in
28,20129,acted_in
28,20773,acted_in
28,21446,acted_in
28,20289,acted_in
28,23101,acted_in
28,21688,acted_in
28,21942,acted_in
28,22734,acted_in
28,21746,acted_in
28,22112,acted_in
28,22915,acted_in
28,20274,acted_in
28,22826,acted_in
28,23072,acted_in
28,20979,acted_in
28,21359,acted_in
28,20931,acted_in
28,20282,acted_in
28,22701,acted_in
29,22604,acted_in
29,22886,acted_in
29,20511,acted_in
29,20326,acted_in
29,22114,acted_in
29,23178,acted_in
29,20929,acted_in
29,22152,acted_in
29,23092,acted_in
29,20487,acted_in
29,20560,acted_in
29,20994,acted_in
29,22120,acted_in
29,21058,acted_in
29,23023,acted_in
29,22102,acted_in
29,22258,acted_in
30,22063,acted_in
30,20681,acted_in
30,21732,acted_in
30,22280,acted_in
30,20714,acted_in
30,20410,acted_in
30,20270,acted_in
30,21971,acted_in
30,20098,acted_in
30,20264,acted_in
30,21609,acted_in
30,21173,acted_in
30,21480,acted_in
30,21972,acted_in
30,21635,acted_in
30,20146,acted_in
30,20582,acted_in
30,22201,acted_in
30,20345,acted_in
30,20700,acted_in
30,20637,acted_in
30,20663,acted_in
30,21745,acted_in
30,20196,acted_in
30,22789,acted_in
30,22542,acted_in
30,22466,acted_in
30,20688,acted_in
30,22326,acted_in
30,22900,acted_in
30,21935,acted_in
30,22122,acted_in
30,20621,acted_in
30,21900,acted_in
30,21593,acted_in
30,21679,acted_in
30,20855,acted_in
30,22922,acted_in
30,20235,acted_in
30,20957,acted_in
31,22471,acted_in
31,20999,acted_in
31,21355,acted_in
31,22426,acted_in
31,21334,acted_in
31,23192,acted_in
31,21559,acted_in
31,21649,acted_in
31,21002,acted_in
31,20775,acted_in
31,22283,acted_in
31,22762,acted_in
31,20597,acted_in
31,20631,acted_in
31,20047,acted_in
31,21362,acted_in
31,22478,acted_in
31,20172,acted_in
31,22847,acted_in
31,20835,acted_in
31,20199,acted_in
31,22472,acted_in
31,20456,acted_in
31,22324,acted_in
31,21719,acted_in
31,22409,acted_in
31,22525,acted_in
31,21270,acted_in
31,21860,acted_in
31,21859,acted_in
31,22989,acted_in
31,20111,acted_in
31,20333,acted_in
31,22075,acted_in
31,22606,acted_in
31,21850,acted_in
31,22329,acted_in
31,21956,acted_in
31,22685,acted_in
31,21564,acted_in
31,20293,acted_in
31,20375,acted_in
31,21837,acted_in
31,20491,acted_in
31,21834,acted_in
31,20405,acted_in
31,22164,acted_in
31,20552,acted_in
31,20276,acted_in
31,22743,acted_in
31,20330,acted_in
31,20935,acted_in
31,21870,acted_in
31,21852,acted_in
31,22566,acted_in
31,21191,acted_in
31,21569,acted_in
31,22996,acted_in
31,22301,acted_in
31,20160,acted_in
31,21508,acted_in
31,23024,acted_in
31,21066,acted_in
31,20389,acted_in
31,20608,acted_in
31,20062,acted_in
31,20868,acted_in
31,22665,acted_in
32,20507,acted_in
32,21429,acted_in
32,20043,acted_in
32,23171,acted_in
32,20380,acted_in
32,20458,acted_in
32,21777,acted_in
32,20995,acted_in
32,22251,acted_in
32,20094,acted_in
32,22486,acted_in
32,22707,acted_in
32,23132,acted_in
32,20882,acted_in
32,21783,acted_in
32,21603,acted_in
32,21309,acted_in
32,23017,acted_in
32,22785,acted_in
32,21120,acted_in
32,20500,acted_in
32,22545,acted_in
32,21095,acted_in
32,20796,acted_in
32,20404,acted_in
32,21477,acted_in
32,22533,acted_in
32,21843,acted_in
32,23042,acted_in
32,22929,acted_in
32,21854,acted_in
32,22255,acted_in
32,20770,acted_in
32,20315,acted_in
32,22161,acted_in
32,23031,acted_in
33,20695,acted_in
33,22058,acted_in
33,21460,acted_in
33,21989,acted_in
33,22662,acted_in
33,21802,acted_in
33,20411,acted_in
33,22307,acted_in
33,21410,acted_in
33,21525,acted_in
33,22901,acted_in
33,21615,acted_in
33,22853,acted_in
33,21381,acted_in
33,22171,acted_in
33,22270,acted_in
33,21247,acted_in
33,21199,acted_in
33,21244,acted_in
33,23167,acted_in
33,22587,acted_in
33,20360,acted_in
33,20077,acted_in
33,21356,acted_in
33,20291,acted_in
33,22266,acted_in
33,22561,acted_in
33,21544,acted_in
33,23122,acted_in
33,20286,acted_in
33,22428,acted_in
33,21912,acted_in
33,22704,acted_in
33,22299,acted_in
33,21349,acted_in
33,20441,acted_in
33,21236,acted_in
34,22011,acted_in
34,21638,acted_in
34,20020,acted_in
34,22643,acted_in
34,21122,acted_in
34,21536,acted_in
34,21153,acted_in
34,21728,acted_in
34,20715,acted_in
34,21341,acted_in
34,21063,acted_in
34,22077,acted_in
34,20019,acted_in
34,23120,acted_in
34,22547,acted_in
34,21507,acted_in
34,21152,acted_in
34,20856,acted_in
34,23139,acted_in
34,22757,acted_in
34,21442,acted_in
35,20351,acted_in
35,23160,acted_in
35,20320,acted_in
35,22936,acted_in
35,21758,acted_in
35,21590,acted_in
35,22769,acted_in
35,22663,acted_in
35,20383,acted_in
35,20890,acted_in
35,23168,acted_in
35,21898,acted_in
35,22032,acted_in
35,22063,acted_in
35,21339,acted_in
35,21495,acted_in
35,20702,acted_in
35,20668,acted_in
35,22174,acted_in
35,21842,acted_in
35,21483,acted_in
35,23034,acted_in
35,22340,acted_in
35,22804,acted_in
35,21116,acted_in
35,21915,acted_in
35,21771,acted_in
35,22357,acted_in
35,22784,acted_in
35,21492,acted_in
35,22963,acted_in
35,20860,acted_in
35,22233,acted_in
35,20726,acted_in
35,22099,acted_in
35,22204,acted_in
35,21892,acted_in
35,20584,acted_in
35,20825,acted_in
35,22537,acted_in
35,22227,acted_in
35,21743,acted_in
35,20909,acted_in
35,22833,acted_in
35,21203,acted_in
35,21998,acted_in
35,22803,acted_in
35,21689,acted_in
35,20363,acted_in
35,20943,acted_in
36,21462,acted_in
36,20054,acted_in
36,23032,acted_in
36,21921,acted_in
36,20096,acted_in
36,20233,acted_in
36,20022,acted_in
36,21922,acted_in
36,21031,acted_in
36,21314,acted_in
36,20589,acted_in
36,21052,acted_in
36,22052,acted_in
36,20211,acted_in
36,20677,acted_in
36,22018,acted_in
36,23114,acted_in
37,20953,acted_in
37,22604,acted_in
37,23184,acted_in
37,20434,acted_in
37,21990,acted_in
37,21098,acted_in
37,20511,acted_in
37,22574,acted_in
37,22297,acted_in
37,21310,acted_in
37,20794,acted_in
37,22230,acted_in
37,23086,acted_in
37,21338,acted_in
37,21195,acted_in
37,22714,acted_in
37,21669,acted_in
37,20251,acted_in
37,20793,acted_in
37,21017,acted_in
37,20840,acted_in
37,22265,acted_in
37,22773,acted_in
37,21608,acted_in
37,21297,acted_in
37,20485,acted_in
37,23012,acted_in
37,20838,acted_in
37,22728,acted_in
37,22115,acted_in
37,20384,acted_in
37,21612,acted_in
38,22310,acted_in
38,20067,acted_in
38,20467,acted_in
38,20427,acted_in
38,21346,acted_in
38,22746,acted_in
38,23021,acted_in
38,22839,acted_in
38,23125,acted_in
38,22035,acted_in
38,22720,acted_in
38,20941,acted_in
38,22905,acted_in
39,23096,acted_in
39,22480,acted_in
39,21206,acted_in
39,22887,acted_in
39,22736,acted_in
39,22884,acted_in
39,21021,acted_in
39,20513,acted_in
39,20430,acted_in
39,21435,acted_in
39,23142,acted_in
39,20587,acted_in
39,22888,acted_in
39,22819,acted_in
39,22786,acted_in
39,22903,acted_in
39,22433,acted_in
39,21160,acted_in
39,21323,acted_in
39,20066,acted_in
40,20554,acted_in
40,21676,acted_in
40,20028,acted_in
40,22096,acted_in
40,21245,acted_in
40,21571,acted_in
40,20037,acted_in
40,20885,acted_in
40,20152,acted_in
40,20112,acted_in
41,23035,acted_in
41,23129,acted_in
41,22452,acted_in
41,22454,acted_in
41,20092,acted_in
41,22782,acted_in
41,21626,acted_in
41,20354,acted_in
41,23018,acted_in
41,22538,acted_in
41,22562,acted_in
41,22800,acted_in
41,20939,acted_in
41,22116,acted_in
41,20846,acted_in
41,21230,acted_in
41,23068,acted_in
41,20603,acted_in
41,21568,acted_in
41,22000,acted_in
41,21357,acted_in
41,22532,acted_in
41,22820,acted_in
41,21663,acted_in
41,20447,acted_in
41,20829,acted_in
41,21697,acted_in
41,22451,acted_in
41,22635,acted_in
42,22811,acted_in
42,20271,acted_in
42,20535,acted_in
42,20400,acted_in
42,22598,acted_in
42,20382,acted_in
42,20833,acted_in
42,20425,acted_in
42,21672,acted_in
42,21821,acted_in
42,20343,acted_in
42,20250,acted_in
42,21613,acted_in
42,22339,acted_in
42,21911,acted_in
42,22870,acted_in
42,22593,acted_in
42,21499,acted_in
42,23157,acted_in
42,20575,acted_in
42,22328,acted_in
42,21121,acted_in
42,21420,acted_in
42,22645,acted_in
42,20299,acted_in
42,22869,acted_in
42,23005,acted_in
42,22880,acted_in
42,22615,acted_in
42,22731,acted_in
42,22688,acted_in
42,21861,acted_in
42,21938,acted_in
42,20120,acted_in
42,22729,acted_in
43,21514,acted_in
43,22723,acted_in
43,20141,acted_in
43,22632,acted_in
43,20163,acted_in
43,22462,acted_in
43,21546,acted_in
43,22150,acted_in
43,22242,acted_in
43,20932,acted_in
43,21041,acted_in
44,20953,acted_in
44,22042,acted_in
44,21905,acted_in
44,20221,acted_in
44,21851,acted_in
44,23082,acted_in
44,20934,acted_in
44,21395,acted_in
44,21180,acted_in
44,22866,acted_in
44,23079,acted_in
44,21894,acted_in
44,22445,acted_in
44,20025,acted_in
44,22953,acted_in
44,22812,acted_in
44,22686,acted_in
44,20738,acted_in
44,20511,acted_in
44,20791,acted_in
44,21785,acted_in
44,21791,acted_in
44,22495,acted_in
44,21502,acted_in
44,21478,acted_in
44,22758,acted_in
44,21377,acted_in
44,22618,acted_in
44,20981,acted_in
44,21749,acted_in
45,22278,acted_in
45,20806,acted_in
45,21890,acted_in
45,21871,acted_in
45,22956,acted_in
45,20361,acted_in
45,20445,acted_in
45,20342,acted_in
45,21103,acted_in
45,21006,acted_in
45,20734,acted_in
45,22431,acted_in
45,22577,acted_in
45,20767,acted_in
45,21001,acted_in
45,22997,acted_in
45,21261,acted_in
45,20986,acted_in
45,23128,acted_in
46,23152,acted_in
46,21869,acted_in
46,23059,acted_in
46,21373,acted_in
46,21282,acted_in
46,21419,acted_in
46,22543,acted_in
46,21009,acted_in
46,21403,acted_in
46,23087,acted_in
46,22676,acted_in
46,20176,acted_in
46,22582,acted_in
46,22560,acted_in
46,20933,acted_in
46,22165,acted_in
46,21595,acted_in
46,21648,acted_in
46,21322,acted_in
47,22471,acted_in
47,20999,acted_in
47,21559,acted_in
47,22426,acted_in
47,21355,acted_in
47,21334,acted_in
47,20775,acted_in
47,22283,acted_in
47,21837,acted_in
47,21649,acted_in
47,20111,acted_in
47,22525,acted_in
47,22329,acted_in
47,21834,acted_in
47,23170,acted_in
47,20047,acted_in
47,22478,acted_in
47,20405,acted_in
47,20170,acted_in
47,22589,acted_in
47,21002,acted_in
47,21564,acted_in
47,22996,acted_in
47,21270,acted_in
47,20293,acted_in
47,21859,acted_in
47,22250,acted_in
47,22606,acted_in
47,21850,acted_in
47,21956,acted_in
47,20491,acted_in
47,23192,acted_in
47,21719,acted_in
47,20276,acted_in
47,22743,acted_in
47,21178,acted_in
47,20597,acted_in
47,21943,acted_in
47,20330,acted_in
47,20197,acted_in
47,23179,acted_in
47,22909,acted_in
47,21806,acted_in
47,22982,acted_in
47,20084,acted_in
47,22970,acted_in
47,22025,acted_in
47,22568,acted_in
47,21870,acted_in
47,22284,acted_in
47,21852,acted_in
47,20868,acted_in
47,20389,acted_in
47,21134,acted_in
47,22665,acted_in
47,22847,acted_in
47,21537,acted_in
47,21827,acted_in
47,20062,acted_in
47,20608,acted_in
48,21793,acted_in
48,21119,acted_in
48,21605,acted_in
48,21940,acted_in
48,22964,acted_in
48,21611,acted_in
48,22586,acted_in
48,21451,acted_in
48,23078,acted_in
48,20724,acted_in
48,21932,acted_in
48,20843,acted_in
48,21499,acted_in
48,22739,acted_in
48,20876,acted_in
49,22698,acted_in
49,22347,acted_in
49,21294,acted_in
49,23085,acted_in
49,20095,acted_in
49,22097,acted_in
49,22322,acted_in
49,20033,acted_in
49,22509,acted_in
49,22135,acted_in
49,21955,acted_in
49,22829,acted_in
49,20158,acted_in
49,20335,acted_in
49,22935,acted_in
49,22955,acted_in
49,21379,acted_in
49,20247,acted_in
49,22086,acted_in
49,21693,acted_in
49,21550,acted_in
49,22653,acted_in
49,22436,acted_in
49,20891,acted_in
49,20783,acted_in
49,22692,acted_in
50,20021,acted_in
50,20008,acted_in
50,20927,acted_in
50,22576,acted_in
50,23159,acted_in
50,20599,acted_in
50,22019,acted_in
50,22157,acted_in
50,21189,acted_in
50,22890,acted_in
50,21489,acted_in
50,22795,acted_in
50,21097,acted_in
50,22657,acted_in
50,21141,acted_in
50,20509,acted_in
50,20106,acted_in
50,21978,acted_in
50,20474,acted_in
50,21162,acted_in
50,21337,acted_in
50,21924,acted_in
50,21792,acted_in
50,21490,acted_in
50,22192,acted_in
50,21292,acted_in
50,20987,acted_in
51,21355,acted_in
51,22429,acted_in
51,21091,acted_in
51,22549,acted_in
51,22092,acted_in
51,21268,acted_in
51,23069,acted_in
51,20691,acted_in
51,23165,acted_in
51,20626,acted_in
51,20362,acted_in
51,21604,acted_in
51,21259,acted_in
51,21621,acted_in
51,23050,acted_in
51,21895,acted_in
51,20960,acted_in
51,21651,acted_in
51,21733,acted_in
51,22747,acted_in
51,22862,acted_in
51,21179,acted_in
51,23067,acted_in
51,22001,acted_in
51,20192,acted_in
51,21146,acted_in
51,21849,acted_in
51,21145,acted_in
51,22584,acted_in
51,20010,acted_in
51,22196,acted_in
51,20377,acted_in
51,21028,acted_in
51,21234,acted_in
51,22330,acted_in
51,20504,acted_in
51,22990,acted_in
51,21738,acted_in
51,20699,acted_in
51,21105,acted_in
51,20614,acted_in
51,21452,acted_in
51,20428,acted_in
51,22456,acted_in
52,21431,acted_in
52,21685,acted_in
52,20109,acted_in
52,21722,acted_in
52,20121,acted_in
52,20847,acted_in
52,21198,acted_in
53,21456,acted_in
53,22652,acted_in
53,20623,acted_in
53,23116,acted_in
53,20861,acted_in
53,21293,acted_in
53,22539,acted_in
53,21050,acted_in
53,22176,acted_in
53,22544,acted_in
53,20973,acted_in
53,20490,acted_in
53,21083,acted_in
53,20662,acted_in
53,23026,acted_in
53,20191,acted_in
53,22501,acted_in
53,23058,acted_in
53,22231,acted_in
53,22243,acted_in
53,20424,acted_in
53,20208,acted_in
53,22766,acted_in
53,23088,acted_in
53,22306,acted_in
53,20595,acted_in
53,20492,acted_in
53,22630,acted_in
53,21260,acted_in
53,21194,acted_in
53,21032,acted_in
53,22983,acted_in
53,21134,acted_in
53,22398,acted_in
54,22765,acted_in
54,20529,acted_in
54,21633,acted_in
54,22329,acted_in
54,20936,acted_in
54,20916,acted_in
54,22388,acted_in
54,21107,acted_in
54,21015,acted_in
54,22003,acted_in
54,20874,acted_in
54,20385,acted_in
54,22305,acted_in
54,22355,acted_in
54,22706,acted_in
54,21667,acted_in
54,20297,acted_in
54,21634,acted_in
54,21987,acted_in
54,22665,acted_in
54,21357,acted_in
54,21024,acted_in
54,22511,acted_in
54,21473,acted_in
54,20253,acted_in
54,20389,acted_in
54,20189,acted_in
54,22657,acted_in
55,22471,acted_in
55,20999,acted_in
55,21334,acted_in
55,21355,acted_in
55,22426,acted_in
55,21559,acted_in
55,22283,acted_in
55,20405,acted_in
55,20631,acted_in
55,23019,acted_in
55,21362,acted_in
55,20775,acted_in
55,22685,acted_in
55,21678,acted_in
55,23192,acted_in
55,21564,acted_in
55,22847,acted_in
55,20111,acted_in
55,21918,acted_in
55,20161,acted_in
55,22996,acted_in
55,20705,acted_in
55,21859,acted_in
55,21649,acted_in
55,20924,acted_in
55,22329,acted_in
55,20491,acted_in
55,22311,acted_in
55,23097,acted_in
55,21398,acted_in
55,21837,acted_in
55,20055,acted_in
55,21561,acted_in
55,21047,acted_in
55,22909,acted_in
55,21806,acted_in
55,21870,acted_in
55,22831,acted_in
55,20835,acted_in
55,20935,acted_in
55,20456,acted_in
55,20153,acted_in
55,20333,acted_in
55,20552,acted_in
55,20276,acted_in
55,22743,acted_in
55,21178,acted_in
55,22982,acted_in
55,22072,acted_in
55,22284,acted_in
55,20868,acted_in
55,20389,acted_in
55,20199,acted_in
55,22261,acted_in
55,21827,acted_in
55,20764,acted_in
55,20062,acted_in
55,20608,acted_in
56,20021,acted_in
56,22524,acted_in
56,22494,acted_in
56,22621,acted_in
56,22977,acted_in
56,21619,acted_in
56,22043,acted_in
56,22342,acted_in
56,20684,acted_in
56,20186,acted_in
56,21319,acted_in
56,21330,acted_in
56,22575,acted_in
56,21257,acted_in
56,20194,acted_in
56,20709,acted_in
56,20641,acted_in
56,22942,acted_in
56,20771,acted_in
56,20243,acted_in
56,21925,acted_in
56,22541,acted_in
56,20818,acted_in
56,22041,acted_in
56,21509,acted_in
56,21216,acted_in
56,22958,acted_in
56,22076,acted_in
56,20369,acted_in
56,22091,acted_in
56,20359,acted_in
56,21390,acted_in
56,22772,acted_in
56,22215,acted_in
56,21366,acted_in
56,22675,acted_in
56,21712,acted_in
56,20263,acted_in
56,20469,acted_in
56,22098,acted_in
56,20015,acted_in
56,21641,acted_in
56,21750,acted_in
56,23153,acted_in
56,23175,acted_in
56,22021,acted_in
56,21143,acted_in
56,20656,acted_in
56,22073,acted_in
56,20178,acted_in
56,21299,acted_in
56,21232,acted_in
56,20539,acted_in
56,20012,acted_in
56,21702,acted_in
56,22693,acted_in
56,22998,acted_in
56,20742,acted_in
56,20187,acted_in
56,21262,acted_in
56,20865,acted_in
56,22349,acted_in
56,23186,acted_in
56,20252,acted_in
57,21902,acted_in
57,20996,acted_in
57,23123,acted_in
57,21285,acted_in
57,22942,acted_in
57,22570,acted_in
57,20837,acted_in
57,22732,acted_in
57,22917,acted_in
57,21030,acted_in
57,22578,acted_in
57,20113,acted_in
57,22957,acted_in
57,21498,acted_in
57,21926,acted_in
57,20633,acted_in
57,20790,acted_in
57,20030,acted_in
57,22856,acted_in
58,22308,acted_in
58,21441,acted_in
58,21295,acted_in
58,20627,acted_in
58,21075,acted_in
58,21385,acted_in
58,21644,acted_in
58,21856,acted_in
58,20917,acted_in
58,21288,acted_in
58,21169,acted_in
58,22395,acted_in
58,21077,acted_in
58,21368,acted_in
58,22467,acted_in
58,20423,acted_in
59,21054,acted_in
59,21266,acted_in
59,23028,acted_in
59,20906,acted_in
59,21600,acted_in
59,21217,acted_in
59,21382,acted_in
59,21578,acted_in
59,22633,acted_in
59,20309,acted_in
59,20878,acted_in
59,21104,acted_in
59,20875,acted_in
59,20580,acted_in
59,22914,acted_in
59,20689,acted_in
59,20754,acted_in
59,22961,acted_in
59,21493,acted_in
59,20267,acted_in
59,20435,acted_in
59,21303,acted_in
59,22559,acted_in
59,21094,acted_in
59,22742,acted_in
59,21474,acted_in
59,20480,acted_in
59,21409,acted_in
59,21585,acted_in
59,22440,acted_in
59,21131,acted_in
59,22371,acted_in
59,22022,acted_in
59,20799,acted_in
59,22711,acted_in
60,22916,acted_in
60,20546,acted_in
60,20867,acted_in
60,20617,acted_in
60,21552,acted_in
60,20839,acted_in
60,21755,acted_in
60,22158,acted_in
60,20321,acted_in
60,22142,acted_in
60,21643,acted_in
60,21944,acted_in
60,22062,acted_in
60,23103,acted_in
60,20175,acted_in
60,22623,acted_in
60,21118,acted_in
60,20673,acted_in
60,22455,acted_in
60,20850,acted_in
61,20785,acted_in
61,20051,acted_in
61,22947,acted_in
61,22473,acted_in
61,20710,acted_in
61,21762,acted_in
61,22519,acted_in
61,22647,acted_in
61,22424,acted_in
61,20364,acted_in
61,20349,acted_in
61,20942,acted_in
61,22085,acted_in
61,20988,acted_in
61,21142,acted_in
61,20277,acted_in
61,20466,acted_in
61,20940,acted_in
61,22741,acted_in
61,22928,acted_in
61,21363,acted_in
61,22195,acted_in
61,21496,acted_in
61,22999,acted_in
61,21630,acted_in
61,22226,acted_in
61,22117,acted_in
61,20813,acted_in
61,22046,acted_in
61,22749,acted_in
61,22175,acted_in
62,20775,acted_in
62,20051,acted_in
62,20704,acted_in
62,21983,acted_in
62,21703,acted_in
62,20807,acted_in
62,22502,acted_in
62,22377,acted_in
62,20306,acted_in
62,21167,acted_in
62,20115,acted_in
62,22105,acted_in
62,21081,acted_in
62,22429,acted_in
62,21951,acted_in
62,22991,acted_in
62,22754,acted_in
62,20612,acted_in
62,20512,acted_in
62,20462,acted_in
62,21453,acted_in
62,21747,acted_in
62,22438,acted_in
62,22437,acted_in
62,22353,acted_in
62,21807,acted_in
62,22822,acted_in
62,22124,acted_in
62,20572,acted_in
62,22672,acted_in
62,21997,acted_in
62,22502,acted_in
62,23156,acted_in
62,22740,acted_in
63,22477,acted_in
63,20657,acted_in
63,20003,acted_in
63,21638,acted_in
63,22208,acted_in
63,22658,acted_in
63,20792,acted_in
63,20381,acted_in
63,20407,acted_in
63,22136,acted_in
63,22878,acted_in
63,20669,acted_in
63,20836,acted_in
63,21405,acted_in
63,22443,acted_in
63,21406,acted_in
63,20533,acted_in
63,21519,acted_in
63,22610,acted_in
63,20134,acted_in
63,20133,acted_in
63,20231,acted_in
63,20119,acted_in
63,23030,acted_in
63,20173,acted_in
63,20088,acted_in
63,20863,acted_in
63,21012,acted_in
63,20711,acted_in
63,20811,acted_in
63,22883,acted_in
63,21226,acted_in
63,21661,acted_in
63,21888,acted_in
63,22898,acted_in
63,20225,acted_in
63,20900,acted_in
63,20420,acted_in
63,20964,acted_in
63,21311,acted_in
63,22513,acted_in
63,20463,acted_in
63,20997,acted_in
63,21207,acted_in
63,20630,acted_in
63,20498,acted_in
63,20394,acted_in
63,22220,acted_in
64,22037,acted_in
64,20131,acted_in
64,21636,acted_in
64,20164,acted_in
64,22551,acted_in
64,22051,acted_in
64,23133,acted_in
64,22737,acted_in
64,21781,acted_in
64,23013,acted_in
64,20912,acted_in
64,22678,acted_in
64,22317,acted_in
64,21720,acted_in
64,20615,acted_in
64,22259,acted_in
64,21879,acted_in
64,20201,acted_in
64,23015,acted_in
64,21835,acted_in
64,21414,acted_in
64,20549,acted_in
64,20426,acted_in
65,22832,acted_in
65,22008,acted_in
65,21803,acted_in
65,20698,acted_in
65,21696,acted_in
65,20471,acted_in
65,22412,acted_in
65,22697,acted_in
65,22677,acted_in
65,20038,acted_in
65,20468,acted_in
65,22554,acted_in
65,21392,acted_in
65,21737,acted_in
65,21597,acted_in
65,21817,acted_in
65,22770,acted_in
65,22450,acted_in
65,21316,acted_in
65,21240,acted_in
65,21151,acted_in
65,20828,acted_in
65,21357,acted_in
66,21962,acted_in
66,20214,acted_in
66,22281,acted_in
66,21277,acted_in
66,20841,acted_in
66,20203,acted_in
66,21622,acted_in
66,20450,acted_in
66,22716,acted_in
66,22930,acted_in
66,22453,acted_in
66,21724,acted_in
66,21930,acted_in
66,22516,acted_in
66,20392,acted_in
66,21594,acted_in
66,22927,acted_in
66,21057,acted_in
66,22405,acted_in
66,20949,acted_in
66,23008,acted_in
66,21422,acted_in
66,21799,acted_in
67,20807,acted_in
67,21214,acted_in
67,21065,acted_in
67,23145,acted_in
67,20864,acted_in
67,21565,acted_in
67,23020,acted_in
67,22154,acted_in
67,21049,acted_in
67,20222,acted_in
67,21036,acted_in
67,20659,acted_in
67,22858,acted_in
67,21394,acted_in
67,20821,acted_in
67,21272,acted_in
67,21592,acted_in
67,23187,acted_in
67,21734,acted_in
67,22699,acted_in
67,20730,acted_in
67,21606,acted_in
67,20550,acted_in
67,20176,acted_in
67,22009,acted_in
67,22741,acted_in
68,22110,acted_in
68,20578,acted_in
68,22491,acted_in
68,22947,acted_in
68,22463,acted_in
68,22382,acted_in
68,20991,acted_in
68,22719,acted_in
68,20593,acted_in
68,23148,acted_in
68,22974,acted_in
68,22921,acted_in
68,21070,acted_in
68,21838,acted_in
68,21690,acted_in
68,20743,acted_in
68,21284,acted_in
68,20947,acted_in
68,20200,acted_in
68,23133,acted_in
68,20410,acted_in
68,21706,acted_in
68,20692,acted_in
68,20871,acted_in
68,23065,acted_in
68,22798,acted_in
68,22048,acted_in
68,20436,acted_in
68,21707,acted_in
68,22783,acted_in
68,21629,acted_in
68,22567,acted_in
68,21208,acted_in
68,20365,acted_in
68,21973,acted_in
68,20228,acted_in
68,20613,acted_in
68,22020,acted_in
68,21511,acted_in
68,23043,acted_in
68,22650,acted_in
68,22059,acted_in
68,23176,acted_in
68,22774,acted_in
68,21579,acted_in
68,21570,acted_in
68,22500,acted_in
68,21092,acted_in
68,22184,acted_in
68,21065,acted_in
68,22954,acted_in
68,20531,acted_in
68,21616,acted_in
68,22499,acted_in
68,20295,acted_in
68,22244,acted_in
68,22694,acted_in
68,21043,acted_in
68,21889,acted_in
68,22660,acted_in
68,20041,acted_in
68,22517,acted_in
68,22969,acted_in
68,21170,acted_in
68,23144,acted_in
68,21485,acted_in
68,20328,acted_in
68,20132,acted_in
68,20167,acted_in
69,21515,acted_in
69,21638,acted_in
69,22039,acted_in
69,22966,acted_in
69,20571,acted_in
69,21959,acted_in
69,21315,acted_in
69,21868,acted_in
69,20493,acted_in
69,21140,acted_in
69,20911,acted_in
69,21700,acted_in
69,20139,acted_in
69,20634,acted_in
69,21886,acted_in
69,21946,acted_in
69,21581,acted_in
69,20643,acted_in
69,21048,acted_in
69,22776,acted_in
69,20110,acted_in
69,22034,acted_in
69,20944,acted_in
69,21177,acted_in
69,21296,acted_in
69,21721,acted_in
69,21975,acted_in
69,22392,acted_in
69,20421,acted_in
69,20107,acted_in
69,20398,acted_in
69,20756,acted_in
69,20109,acted_in
69,20847,acted_in
70,22622,acted_in
70,21472,acted_in
70,20802,acted_in
70,20198,acted_in
70,23108,acted_in
70,22703,acted_in
70,20024,acted_in
70,21553,acted_in
70,21258,acted_in
70,21881,acted_in
70,21916,acted_in
70,21906,acted_in
70,21864,acted_in
70,21235,acted_in
70,22344,acted_in
70,22984,acted_in
70,21022,acted_in
70,21882,acted_in
70,21828,acted_in
71,23036,acted_in
71,20745,acted_in
71,22655,acted_in
71,22580,acted_in
71,21937,acted_in
71,21529,acted_in
71,22291,acted_in
71,21716,acted_in
71,21380,acted_in
71,21298,acted_in
71,22155,acted_in
71,22717,acted_in
71,20980,acted_in
71,21709,acted_in
71,22268,acted_in
71,21928,acted_in
71,22744,acted_in
71,20602,acted_in
71,21481,acted_in
71,21985,acted_in
71,20624,acted_in
71,20352,acted_in
71,20453,acted_in
71,20366,acted_in
71,21166,acted_in
71,22505,acted_in
71,21631,acted_in
72,20877,acted_in
72,22902,acted_in
72,22411,acted_in
72,20317,acted_in
72,23134,acted_in
72,21413,acted_in
72,20412,acted_in
72,22827,acted_in
72,21598,acted_in
72,21242,acted_in
72,20288,acted_in
72,22081,acted_in
72,22121,acted_in
72,22488,acted_in
72,20537,acted_in
72,20443,acted_in
72,21965,acted_in
72,21877,acted_in
72,21988,acted_in
72,21099,acted_in
72,23100,acted_in
72,22337,acted_in
72,20013,acted_in
72,23047,acted_in
72,20114,acted_in
72,22931,acted_in
72,22642,acted_in
72,20732,acted_in
72,22044,acted_in
72,22334,acted_in
72,22767,acted_in
72,22588,acted_in
72,22359,acted_in
72,22743,acted_in
72,21264,acted_in
72,20330,acted_in
72,20197,acted_in
72,21423,acted_in
72,22992,acted_in
72,21313,acted_in
72,23113,acted_in
72,20823,acted_in
72,20795,acted_in
72,22911,acted_in
72,20394,acted_in
72,20230,acted_in
72,21134,acted_in
72,22741,acted_in
72,22689,acted_in
73,23129,acted_in
73,21040,acted_in
73,22821,acted_in
73,22335,acted_in
73,22658,acted_in
73,22200,acted_in
73,21413,acted_in
73,22390,acted_in
73,21327,acted_in
73,20961,acted_in
73,20174,acted_in
73,20503,acted_in
73,20224,acted_in
73,22210,acted_in
73,21023,acted_in
73,21161,acted_in
73,20266,acted_in
73,22065,acted_in
73,20355,acted_in
73,22368,acted_in
73,21713,acted_in
73,22619,acted_in
73,22787,acted_in
73,23048,acted_in
73,21875,acted_in
73,20610,acted_in
73,21774,acted_in
73,20078,acted_in
73,20907,acted_in
73,22191,acted_in
73,23158,acted_in
73,21280,acted_in
73,20611,acted_in
73,20887,acted_in
73,22012,acted_in
73,22611,acted_in
73,22553,acted_in
73,22403,acted_in
73,21576,acted_in
73,20930,acted_in
73,21250,acted_in
73,21966,acted_in
73,22844,acted_in
73,20259,acted_in
73,22108,acted_in
73,21117,acted_in
73,20204,acted_in
73,21583,acted_in
73,22205,acted_in
73,20257,acted_in
73,22119,acted_in
73,20099,acted_in
73,22378,acted_in
74,21793,acted_in
74,21155,acted_in
74,21068,acted_in
74,20455,acted_in
74,22386,acted_in
74,20778,acted_in
74,22287,acted_in
74,20356,acted_in
74,22894,acted_in
74,22276,acted_in
74,20254,acted_in
74,23086,acted_in
74,23022,acted_in
74,21727,acted_in
74,22892,acted_in
74,21034,acted_in
74,20722,acted_in
74,22375,acted_in
74,22978,acted_in
74,20371,acted_in
74,21967,acted_in
74,21820,acted_in
74,21348,acted_in
74,20017,acted_in
74,20682,acted_in
74,20729,acted_in
74,22593,acted_in
74,20832,acted_in
74,22761,acted_in
74,21003,acted_in
74,22245,acted_in
74,20014,acted_in
74,20990,acted_in
74,21109,acted_in
74,21183,acted_in
75,22110,acted_in
75,20578,acted_in
75,22491,acted_in
75,20410,acted_in
75,23148,acted_in
75,20593,acted_in
75,23133,acted_in
75,22974,acted_in
75,22382,acted_in
75,20991,acted_in
75,22719,acted_in
75,20692,acted_in
75,20148,acted_in
75,23065,acted_in
75,21284,acted_in
75,23038,acted_in
75,20531,acted_in
75,22954,acted_in
75,22048,acted_in
75,22860,acted_in
75,22798,acted_in
75,21273,acted_in
75,22348,acted_in
75,20444,acted_in
75,21485,acted_in
75,21528,acted_in
75,22418,acted_in
75,21170,acted_in
75,20605,acted_in
75,23176,acted_in
75,22421,acted_in
75,23144,acted_in
75,20948,acted_in
75,22969,acted_in
75,20661,acted_in
75,21182,acted_in
75,21408,acted_in
75,22861,acted_in
75,20039,acted_in
75,20842,acted_in
75,20081,acted_in
76,21301,acted_in
76,20353,acted_in
76,20660,acted_in
76,21754,acted_in
76,22130,acted_in
76,21265,acted_in
76,21369,acted_in
76,20664,acted_in
77,20763,acted_in
77,20706,acted_in
77,23136,acted_in
77,20484,acted_in
77,22579,acted_in
77,22924,acted_in
77,21834,acted_in
77,20540,acted_in
77,20240,acted_in
77,20419,acted_in
77,21736,acted_in
77,21181,acted_in
77,22659,acted_in
77,21698,acted_in
77,21729,acted_in
77,22616,acted_in
77,22780,acted_in
77,22666,acted_in
77,22849,acted_in
77,23052,acted_in
77,21673,acted_in
77,20636,acted_in
77,22385,acted_in
77,20739,acted_in
77,20919,acted_in
77,22793,acted_in
77,20227,acted_in
77,21487,acted_in
77,23131,acted_in
78,21445,acted_in
78,22427,acted_in
78,21469,acted_in
78,20815,acted_in
78,23189,acted_in
78,20016,acted_in
78,20440,acted_in
78,22557,acted_in
78,20486,acted_in
78,20647,acted_in
78,20786,acted_in
78,22350,acted_in
78,21686,acted_in
78,21641,acted_in
78,20650,acted_in
78,22637,acted_in
78,21439,acted_in
78,21067,acted_in
78,21587,acted_in
78,22617,acted_in
78,20189,acted_in
79,22463,acted_in
79,22026,acted_in
79,23152,acted_in
79,22240,acted_in
79,21884,acted_in
79,20785,acted_in
79,22493,acted_in
79,22377,acted_in
79,22555,acted_in
79,21566,acted_in
79,20042,acted_in
79,22608,acted_in
79,22169,acted_in
79,20370,acted_in
79,20762,acted_in
79,22534,acted_in
79,20029,acted_in
79,21254,acted_in
79,20058,acted_in
79,20036,acted_in
79,23066,acted_in
79,21404,acted_in
79,22891,acted_in
79,21857,acted_in
79,22061,acted_in
79,21304,acted_in
79,20449,acted_in
79,21554,acted_in
79,22005,acted_in
79,22303,acted_in
79,22667,acted_in
79,21229,acted_in
79,20395,acted_in
79,22973,acted_in
79,22463,acted_in
79,22026,acted_in
79,23152,acted_in
79,22240,acted_in
79,21884,acted_in
79,20785,acted_in
79,22493,acted_in
79,22377,acted_in
79,22555,acted_in
79,21566,acted_in
79,20042,acted_in
79,22608,acted_in
79,22169,acted_in
79,20370,acted_in
79,20762,acted_in
79,22534,acted_in
79,20029,acted_in
79,21254,acted_in
79,20058,acted_in
79,20036,acted_in
79,23066,acted_in
79,21404,acted_in
79,22891,acted_in
79,21857,acted_in
79,22061,acted_in
79,21304,acted_in
79,20449,acted_in
79,21554,acted_in
79,22005,acted_in
79,22303,acted_in
79,22667,acted_in
79,21229,acted_in
79,20395,acted_in
79,22973,acted_in
81,23035,acted_in
81,21512,acted_in
81,21893,acted_in
81,21993,acted_in
81,22389,acted_in
81,21339,acted_in
81,20781,acted_in
81,22219,acted_in
81,22557,acted_in
81,21397,acted_in
81,21703,acted_in
81,22235,acted_in
81,20989,acted_in
81,22876,acted_in
81,20126,acted_in
81,20514,acted_in
81,22820,acted_in
81,21375,acted_in
81,21979,acted_in
81,22683,acted_in
81,20009,acted_in
81,20751,acted_in
81,22485,acted_in
81,22836,acted_in
81,22837,acted_in
81,21424,acted_in
81,20372,acted_in
81,20234,acted_in
81,21815,acted_in
81,23107,acted_in
81,22871,acted_in
81,21114,acted_in
82,22410,acted_in
82,22063,acted_in
82,22280,acted_in
82,22777,acted_in
82,21374,acted_in
82,20596,acted_in
82,20111,acted_in
82,21042,acted_in
82,20568,acted_in
82,20788,acted_in
82,21639,acted_in
82,22286,acted_in
82,21430,acted_in
82,23130,acted_in
82,20406,acted_in
82,20937,acted_in
82,22332,acted_in
82,21586,acted_in
82,21124,acted_in
82,22572,acted_in
82,22828,acted_in
82,23154,acted_in
83,21327,acted_in
83,22698,acted_in
83,20740,acted_in
83,22209,acted_in
83,21457,acted_in
83,22724,acted_in
83,22476,acted_in
83,21786,acted_in
83,20089,acted_in
83,23073,acted_in
83,21659,acted_in
83,21426,acted_in
83,21076,acted_in
83,20072,acted_in
83,23090,acted_in
83,20213,acted_in
83,20049,acted_in
84,23152,acted_in
84,23172,acted_in
84,22021,acted_in
84,22275,acted_in
84,21433,acted_in
84,21842,acted_in
84,22095,acted_in
84,22414,acted_in
84,21576,acted_in
84,22945,acted_in
84,20278,acted_in
84,22487,acted_in
84,20338,acted_in
84,21324,acted_in
84,21976,acted_in
84,21039,acted_in
84,20719,acted_in
84,21432,acted_in
84,21286,acted_in
84,22100,acted_in
84,20134,acted_in
84,22369,acted_in
84,22400,acted_in
84,21952,acted_in
84,20083,acted_in
84,20748,acted_in
84,21740,acted_in
84,22496,acted_in
84,20619,acted_in
85,21401,acted_in
85,21660,acted_in
85,22185,acted_in
85,23099,acted_in
85,20056,acted_in
85,20350,acted_in
85,21187,acted_in
85,20985,acted_in
85,20229,acted_in
85,22470,acted_in
85,20246,acted_in
85,20553,acted_in
85,20970,acted_in
85,22314,acted_in
85,20475,acted_in
85,22506,acted_in
85,21969,acted_in
85,23150,acted_in
85,22452,acted_in
85,20029,acted_in
85,20561,acted_in
85,20974,acted_in
85,21168,acted_in
85,21715,acted_in
85,22889,acted_in
86,21994,acted_in
86,21150,acted_in
86,22090,acted_in
86,21551,acted_in
86,21071,acted_in
86,20162,acted_in
86,22056,acted_in
86,20439,acted_in
86,20218,acted_in
86,22107,acted_in
86,21996,acted_in
86,21073,acted_in
86,22490,acted_in
86,21839,acted_in
86,22030,acted_in
86,22343,acted_in
86,22229,acted_in
86,20551,acted_in
86,22446,acted_in
86,22985,acted_in
86,20984,acted_in
86,22080,acted_in
86,20983,acted_in
86,21243,acted_in
86,22835,acted_in
86,22346,acted_in
86,22962,acted_in
86,21037,acted_in
86,22147,acted_in
86,23182,acted_in
86,21974,acted_in
86,23110,acted_in
86,20075,acted_in
86,20004,acted_in
86,22690,acted_in
86,21237,acted_in
86,22141,acted_in
87,21793,acted_in
87,21640,acted_in
87,22964,acted_in
87,21119,acted_in
87,20371,acted_in
87,22287,acted_in
87,21735,acted_in
87,21215,acted_in
87,20409,acted_in
87,22331,acted_in
87,22273,acted_in
87,21704,acted_in
87,20318,acted_in
87,23057,acted_in
87,21127,acted_in
87,21348,acted_in
87,22207,acted_in
87,20564,acted_in
87,20888,acted_in
87,21499,acted_in
87,22552,acted_in
87,22848,acted_in
88,22290,acted_in
88,23089,acted_in
88,20598,acted_in
88,20127,acted_in
89,22110,acted_in
89,20578,acted_in
89,22491,acted_in
89,22719,acted_in
89,20444,acted_in
89,23038,acted_in
89,21092,acted_in
89,23148,acted_in
89,20593,acted_in
89,21690,acted_in
89,22967,acted_in
89,22382,acted_in
89,22937,acted_in
89,20991,acted_in
89,20341,acted_in
89,20041,acted_in
89,21170,acted_in
89,22801,acted_in
89,22860,acted_in
89,21284,acted_in
89,20080,acted_in
89,21501,acted_in
89,23176,acted_in
89,21357,acted_in
89,21486,acted_in
89,20473,acted_in
89,20566,acted_in
89,22048,acted_in
89,20873,acted_in
89,21386,acted_in
89,22418,acted_in
89,22581,acted_in
89,20520,acted_in
89,22798,acted_in
89,20082,acted_in
89,22358,acted_in
89,21408,acted_in
89,20948,acted_in
89,20615,acted_in
89,22969,acted_in
89,21764,acted_in
89,20717,acted_in
89,22036,acted_in
89,22855,acted_in
89,20488,acted_in
89,21931,acted_in
89,22225,acted_in
89,20857,acted_in
89,22527,acted_in
89,22954,acted_in
89,20531,acted_in
89,22805,acted_in
89,21579,acted_in
89,20396,acted_in
89,23144,acted_in
89,21485,acted_in
89,20328,acted_in
89,21694,acted_in
90,23115,acted_in
90,22153,acted_in
90,22197,acted_in
90,20459,acted_in
90,22067,acted_in
90,20950,acted_in
90,20547,acted_in
90,22700,acted_in
90,20776,acted_in
90,20391,acted_in
90,21665,acted_in
90,22772,acted_in
90,23054,acted_in
90,20897,acted_in
90,20755,acted_in
90,21444,acted_in
90,20759,acted_in
90,20525,acted_in
90,21325,acted_in
90,21666,acted_in
90,20280,acted_in
90,23000,acted_in
91,21125,acted_in
91,21833,acted_in
91,20325,acted_in
91,20285,acted_in
91,22040,acted_in
91,20678,acted_in
91,22750,acted_in
91,20625,acted_in
91,20076,acted_in
91,22987,acted_in
91,22193,acted_in
91,22656,acted_in
91,22636,acted_in
91,22863,acted_in
91,21035,acted_in
91,21113,acted_in
91,22228,acted_in
91,20908,acted_in
91,23102,acted_in
91,22634,acted_in
92,21054,acted_in
92,20635,acted_in
92,20586,acted_in
92,22420,acted_in
92,20532,acted_in
92,21192,acted_in
92,21060,acted_in
92,22134,acted_in
92,20185,acted_in
92,21417,acted_in
92,22217,acted_in
92,20154,acted_in
92,20720,acted_in
92,22864,acted_in
92,20322,acted_in
92,20209,acted_in
92,20831,acted_in
92,22370,acted_in
92,21964,acted_in
92,20057,acted_in
92,20040,acted_in
92,22583,acted_in
92,22468,acted_in
92,21025,acted_in
92,20060,acted_in
92,20149,acted_in
92,22638,acted_in
92,22546,acted_in
92,21813,acted_in
92,20814,acted_in
92,20976,acted_in
92,22052,acted_in
92,22183,acted_in
92,21361,acted_in
92,22946,acted_in
92,21331,acted_in
92,20097,acted_in
92,20373,acted_in
92,20269,acted_in
92,20116,acted_in
92,21768,acted_in
92,21780,acted_in
92,21064,acted_in
92,22528,acted_in
92,21210,acted_in
92,23083,acted_in
92,21896,acted_in
92,23169,acted_in
92,23083,acted_in
92,21055,acted_in
93,22621,acted_in
93,20922,acted_in
93,22680,acted_in
93,22288,acted_in
93,20340,acted_in
93,21088,acted_in
93,22241,acted_in
93,22091,acted_in
93,20186,acted_in
93,20543,acted_in
93,22069,acted_in
93,22479,acted_in
93,20399,acted_in
93,22498,acted_in
93,21352,acted_in
93,20003,acted_in
93,22430,acted_in
93,22518,acted_in
93,21044,acted_in
93,21231,acted_in
93,20236,acted_in
93,20772,acted_in
93,20268,acted_in
93,20414,acted_in
93,22843,acted_in
93,21776,acted_in
93,23046,acted_in
93,22523,acted_in
93,21269,acted_in
93,21680,acted_in
93,21163,acted_in
93,21004,acted_in
94,20245,acted_in
94,21159,acted_in
94,22166,acted_in
94,20079,acted_in
94,22023,acted_in
94,20140,acted_in
94,21558,acted_in
94,22664,acted_in
94,22379,acted_in
94,20122,acted_in
94,21968,acted_in
94,21756,acted_in
94,22408,acted_in
94,20357,acted_in
94,22715,acted_in
94,22918,acted_in
94,22189,acted_in
94,21542,acted_in
94,23084,acted_in
94,21657,acted_in
94,22391,acted_in
94,22271,acted_in
94,20536,acted_in
94,20472,acted_in
94,20760,acted_in
94,22442,acted_in
94,22033,acted_in
94,23014,acted_in
95,21613,acted_in
95,20583,acted_in
95,22460,acted_in
95,22904,acted_in
95,22663,acted_in
95,22718,acted_in
95,22292,acted_in
95,21991,acted_in
95,23181,acted_in
95,20557,acted_in
95,22416,acted_in
95,20880,acted_in
95,22248,acted_in
95,23075,acted_in
95,22563,acted_in
95,22971,acted_in
95,21970,acted_in
95,20032,acted_in
96,21436,acted_in
96,20142,acted_in
96,22426,acted_in
96,22631,acted_in
96,21903,acted_in
96,21556,acted_in
96,23151,acted_in
96,20913,acted_in
96,20402,acted_in
96,23044,acted_in
96,20801,acted_in
96,22302,acted_in
96,21134,acted_in
96,21763,acted_in
96,21000,acted_in
96,20169,acted_in
96,20168,acted_in
96,20721,acted_in
96,21399,acted_in
96,21062,acted_in
96,20902,acted_in
96,22759,acted_in
96,22814,acted_in
96,21407,acted_in
96,22902,acted_in
96,22415,acted_in
96,20451,acted_in
96,21074,acted_in
96,21172,acted_in
96,21450,acted_in
96,23040,acted_in
96,22367,acted_in
96,22246,acted_in
96,23117,acted_in
97,20270,acted_in
97,20051,acted_in
97,20632,acted_in
97,22222,acted_in
97,22182,acted_in
97,21614,acted_in
97,22779,acted_in
97,23180,acted_in
97,21883,acted_in
97,20547,acted_in
97,20887,acted_in
97,20530,acted_in
97,22857,acted_in
97,20967,acted_in
97,22238,acted_in
97,21954,acted_in
97,23045,acted_in
97,21539,acted_in
97,20725,acted_in
97,21174,acted_in
98,21793,acted_in
98,22886,acted_in
98,21751,acted_in
98,22620,acted_in
98,21810,acted_in
98,21393,acted_in
98,20573,acted_in
98,22735,acted_in
98,20034,acted_in
98,20638,acted_in
98,22064,acted_in
98,20750,acted_in
98,21940,acted_in
98,20505,acted_in
98,20679,acted_in
98,20724,acted_in
98,20731,acted_in
98,21674,acted_in
98,22401,acted_in
98,21782,acted_in
98,20521,acted_in
98,20283,acted_in
98,20068,acted_in
98,20672,acted_in
98,20845,acted_in
98,21171,acted_in
98,20183,acted_in
98,21072,acted_in
98,22384,acted_in
98,22333,acted_in
98,20899,acted_in
98,20640,acted_in
98,21524,acted_in
99,20892,acted_in
99,23070,acted_in
99,22459,acted_in
99,20415,acted_in
99,20242,acted_in
99,20215,acted_in
99,21224,acted_in
99,20808,acted_in
99,20782,acted_in
99,22313,acted_in
99,21701,acted_in
99,22639,acted_in
100,22558,acted_in
100,20666,acted_in
100,21476,acted_in
100,21466,acted_in
100,23028,acted_in
100,20177,acted_in
100,21872,acted_in
100,22597,acted_in
100,21779,acted_in
100,20002,acted_in
100,20581,acted_in
100,21364,acted_in
100,21014,acted_in
100,22274,acted_in
100,22712,acted_in
100,21110,acted_in
100,21354,acted_in
100,22218,acted_in
100,20920,acted_in
100,20464,acted_in
100,20652,acted_in
100,20665,acted_in
100,23126,acted_in
100,21904,acted_in
101,22063,acted_in
101,22007,acted_in
101,20515,acted_in
101,22910,acted_in
101,21281,acted_in
101,20410,acted_in
101,22280,acted_in
101,20270,acted_in
101,21653,acted_in
101,20418,acted_in
101,21503,acted_in
101,21173,acted_in
101,22926,acted_in
101,21814,acted_in
101,21372,acted_in
101,21645,acted_in
101,20264,acted_in
101,20115,acted_in
101,21831,acted_in
101,20777,acted_in
101,20687,acted_in
101,21840,acted_in
101,22380,acted_in
101,20667,acted_in
101,20804,acted_in
101,22434,acted_in
101,22573,acted_in
101,20374,acted_in
101,22873,acted_in
101,21470,acted_in
101,21757,acted_in
101,21391,acted_in
101,20346,acted_in
101,22441,acted_in
101,22976,acted_in
101,20181,acted_in
101,22913,acted_in
101,20812,acted_in
101,21710,acted_in
101,23041,acted_in
101,21628,acted_in
101,22180,acted_in
101,20805,acted_in
101,22319,acted_in
101,21670,acted_in
101,22818,acted_in
101,21513,acted_in
101,23049,acted_in
101,23154,acted_in
101,21664,acted_in
101,20938,acted_in
102,21652,acted_in
102,21251,acted_in
102,21662,acted_in
102,22071,acted_in
102,20205,acted_in
102,21102,acted_in
102,20339,acted_in
102,21984,acted_in
102,21479,acted_in
102,22223,acted_in
102,22526,acted_in
102,21929,acted_in
103,20348,acted_in
103,20809,acted_in
103,22042,acted_in
103,20696,acted_in
103,21227,acted_in
103,22556,acted_in
103,20591,acted_in
103,20216,acted_in
103,22087,acted_in
103,22178,acted_in
103,21246,acted_in
103,20675,acted_in
103,20670,acted_in
103,20758,acted_in
103,23051,acted_in
103,21267,acted_in
103,22083,acted_in
103,20279,acted_in
103,22336,acted_in
103,22181,acted_in
103,20065,acted_in
103,22877,acted_in
103,22159,acted_in
103,20968,acted_in
103,20594,acted_in
103,21980,acted_in
103,21808,acted_in
103,21574,acted_in
103,21018,acted_in
103,22896,acted_in
103,20100,acted_in
103,21112,acted_in
103,20558,acted_in
103,21370,acted_in
103,20331,acted_in
103,22908,acted_in
103,22651,acted_in
103,20905,acted_in
103,21312,acted_in
103,22681,acted_in
103,22254,acted_in
103,23037,acted_in
103,20694,acted_in
103,22447,acted_in
103,23191,acted_in
103,22360,acted_in
104,21294,acted_in
104,20735,acted_in
104,22151,acted_in
104,20648,acted_in
104,22006,acted_in
104,20379,acted_in
104,22160,acted_in
104,22263,acted_in
104,21089,acted_in
104,20576,acted_in
104,21241,acted_in
104,20918,acted_in
104,23149,acted_in
104,20854,acted_in
104,20256,acted_in
104,22658,acted_in
104,22682,acted_in
104,21907,acted_in
105,21464,acted_in
105,22893,acted_in
105,22702,acted_in
105,20483,acted_in
105,22592,acted_in
105,21960,acted_in
105,21668,acted_in
105,22413,acted_in
105,22212,acted_in
105,22364,acted_in
105,20893,acted_in
105,20027,acted_in
105,20851,acted_in
105,23029,acted_in
105,22140,acted_in
105,20238,acted_in
105,20212,acted_in
105,20844,acted_in
105,20901,acted_in
105,22024,acted_in
105,21347,acted_in
105,20431,acted_in
105,20311,acted_in
106,21054,acted_in
106,21440,acted_in
106,21873,acted_in
106,20064,acted_in
106,22131,acted_in
106,22914,acted_in
106,20616,acted_in
106,20889,acted_in
106,21365,acted_in
106,21933,acted_in
106,21618,acted_in
106,22571,acted_in
106,22612,acted_in
106,21100,acted_in
106,20881,acted_in
106,22468,acted_in
106,22691,acted_in
106,20244,acted_in
106,20921,acted_in
106,22550,acted_in
106,22304,acted_in
106,23147,acted_in
106,23062,acted_in
106,21463,acted_in
106,22948,acted_in
106,21543,acted_in
107,21187,acted_in
107,20118,acted_in
107,22417,acted_in
107,21428,acted_in
107,20117,acted_in
107,20559,acted_in
107,21412,acted_in
107,22354,acted_in
107,22028,acted_in
107,22387,acted_in
107,22695,acted_in
107,22585,acted_in
107,23004,acted_in
107,22895,acted_in
107,22601,acted_in
107,21800,acted_in
108,21308,acted_in
108,22646,acted_in
108,23089,acted_in
108,22751,acted_in
108,20574,acted_in
108,21333,acted_in
108,20749,acted_in
108,21934,acted_in
109,21294,acted_in
109,20735,acted_in
109,22872,acted_in
109,22432,acted_in
109,20858,acted_in
109,23009,acted_in
109,21506,acted_in
109,21378,acted_in
109,21278,acted_in
109,22247,acted_in
110,20723,acted_in
110,22084,acted_in
110,20693,acted_in
110,22139,acted_in
110,21836,acted_in
110,22808,acted_in
110,22325,acted_in
110,21358,acted_in
110,20757,acted_in
110,21520,acted_in
110,21079,acted_in
110,22891,acted_in
110,21008,acted_in
110,21443,acted_in
110,22925,acted_in
110,20567,acted_in
110,21139,acted_in
110,21196,acted_in
111,20653,acted_in
111,22137,acted_in
111,23141,acted_in
111,22198,acted_in
111,21053,acted_in
111,23033,acted_in
111,21691,acted_in
111,22651,acted_in
111,22211,acted_in
111,22626,acted_in
111,20320,acted_in
111,23080,acted_in
111,20102,acted_in
111,22609,acted_in
111,20534,acted_in
111,20329,acted_in
111,20301,acted_in
111,21499,acted_in
111,21086,acted_in
111,21457,acted_in
111,21560,acted_in
111,22170,acted_in
111,20707,acted_in
111,21371,acted_in
111,20093,acted_in
111,23138,acted_in
111,22731,acted_in
111,21010,acted_in
112,21436,acted_in
112,20101,acted_in
112,20577,acted_in
112,21635,acted_in
112,22341,acted_in
112,21646,acted_in
112,20150,acted_in
112,20433,acted_in
112,22393,acted_in
112,22755,acted_in
112,21148,acted_in
112,21212,acted_in
112,21087,acted_in
112,21449,acted_in
112,20045,acted_in
112,20779,acted_in
112,22794,acted_in
112,20026,acted_in
112,20965,acted_in
112,21084,acted_in
112,20526,acted_in
112,21714,acted_in
112,20671,acted_in
112,21335,acted_in
112,22613,acted_in
112,20052,acted_in
112,21290,acted_in
112,21588,acted_in
112,20071,acted_in
112,20123,acted_in
112,22879,acted_in
112,22845,acted_in
112,20510,acted_in
113,21016,acted_in
113,22352,acted_in
113,20824,acted_in
113,20606,acted_in
113,21402,acted_in
113,21891,acted_in
113,21577,acted_in
113,21580,acted_in
113,20182,acted_in
113,20800,acted_in
113,22010,acted_in
113,21193,acted_in
114,20681,acted_in
114,23111,acted_in
114,22389,acted_in
114,20515,acted_in
114,20188,acted_in
114,21321,acted_in
114,21091,acted_in
114,20852,acted_in
114,22047,acted_in
114,20232,acted_in
114,21557,acted_in
114,22595,acted_in
114,21289,acted_in
114,20826,acted_in
114,22536,acted_in
114,22980,acted_in
114,20481,acted_in
115,22101,acted_in
115,21126,acted_in
115,21144,acted_in
115,21158,acted_in
115,20386,acted_in
115,23061,acted_in
115,22710,acted_in
115,21302,acted_in
115,20394,acted_in
115,21013,acted_in
115,21149,acted_in
115,22919,acted_in
115,22206,acted_in
115,22094,acted_in
115,22351,acted_in
115,22406,acted_in
115,21164,acted_in
115,20495,acted_in
115,21642,acted_in
115,20393,acted_in
115,22520,acted_in
115,20830,acted_in
115,20765,acted_in
115,21675,acted_in
115,22841,acted_in
116,20314,acted_in
116,22713,acted_in
116,21202,acted_in
116,22139,acted_in
116,21961,acted_in
116,21467,acted_in
116,20048,acted_in
116,21711,acted_in
116,21567,acted_in
116,21811,acted_in
116,21692,acted_in
116,22083,acted_in
116,22906,acted_in
116,20555,acted_in
116,22489,acted_in
117,23007,acted_in
117,21758,acted_in
117,21228,acted_in
117,21165,acted_in
117,22060,acted_in
117,22345,acted_in
117,22079,acted_in
117,22234,acted_in
117,21683,acted_in
117,20000,acted_in
117,22004,acted_in
117,23105,acted_in
117,20237,acted_in
117,20446,acted_in
117,20963,acted_in
117,20206,acted_in
117,22493,acted_in
118,22237,acted_in
118,20327,acted_in
118,23011,acted_in
118,21518,acted_in
118,21654,acted_in
118,21123,acted_in
118,21200,acted_in
118,20313,acted_in
118,20207,acted_in
118,20470,acted_in
118,20639,acted_in
118,20658,acted_in
118,21818,acted_in
118,20061,acted_in
118,20050,acted_in
118,22103,acted_in
118,21056,acted_in
118,20085,acted_in
118,20853,acted_in
118,22361,acted_in
118,22027,acted_in
118,20226,acted_in
118,21255,acted_in
118,22469,acted_in
119,22110,acted_in
119,20578,acted_in
119,22491,acted_in
119,22974,acted_in
119,20991,acted_in
119,22719,acted_in
119,23065,acted_in
119,22194,acted_in
119,20947,acted_in
119,21865,acted_in
119,22418,acted_in
119,23135,acted_in
119,22954,acted_in
119,20531,acted_in
119,20593,acted_in
119,21838,acted_in
119,20410,acted_in
119,22031,acted_in
119,21690,acted_in
119,20477,acted_in
119,20948,acted_in
119,20506,acted_in
119,20105,acted_in
119,20780,acted_in
119,22402,acted_in
119,21769,acted_in
119,20975,acted_in
119,21069,acted_in
119,21284,acted_in
119,22048,acted_in
119,20753,acted_in
119,22798,acted_in
119,23144,acted_in
119,21570,acted_in
119,23176,acted_in
119,22975,acted_in
119,21367,acted_in
119,21545,acted_in
119,22382,acted_in
119,21947,acted_in
119,22294,acted_in
119,21302,acted_in
119,20396,acted_in
119,21386,acted_in
119,21501,acted_in
119,21408,acted_in
119,20857,acted_in
119,21136,acted_in
119,21448,acted_in
119,20978,acted_in
119,21627,acted_in
119,21222,acted_in
119,20966,acted_in
119,21418,acted_in
119,20609,acted_in
119,20683,acted_in
119,21876,acted_in
119,22805,acted_in
119,22463,acted_in
119,22969,acted_in
119,21485,acted_in
119,22359,acted_in
119,21809,acted_in
119,20210,acted_in
119,20324,acted_in
119,22796,acted_in
119,22517,acted_in
119,22860,acted_in
119,21305,acted_in
119,20680,acted_in
119,20910,acted_in
119,23161,acted_in
119,20761,acted_in
119,22435,acted_in
119,21205,acted_in
119,20302,acted_in
119,22949,acted_in
120,20740,acted_in
120,21033,acted_in
120,22738,acted_in
120,20422,acted_in
120,22661,acted_in
120,20465,acted_in
120,20255,acted_in
120,21080,acted_in
120,21132,acted_in
120,21599,acted_in
120,21360,acted_in
120,22810,acted_in
120,20816,acted_in
120,21796,acted_in
120,20292,acted_in
120,20992,acted_in
120,21775,acted_in
120,22239,acted_in
120,21601,acted_in
120,21218,acted_in
120,23127,acted_in
121,20476,acted_in
121,21547,acted_in
121,22074,acted_in
121,20527,acted_in
121,21526,acted_in
121,20879,acted_in
121,21128,acted_in
121,20556,acted_in
121,21582,acted_in
121,22865,acted_in
121,22941,acted_in
121,22132,acted_in
121,21801,acted_in
121,22625,acted_in
121,21137,acted_in
121,21038,acted_in
122,21070,acted_in
122,20275,acted_in
122,22669,acted_in
122,20378,acted_in
122,20925,acted_in
122,21093,acted_in
122,20448,acted_in
122,21317,acted_in
122,21880,acted_in
122,22781,acted_in
122,20628,acted_in
122,20926,acted_in
122,22726,acted_in
122,20810,acted_in
122,21602,acted_in
122,22882,acted_in
122,21982,acted_in
122,21427,acted_in
122,22423,acted_in
122,22840,acted_in
122,21332,acted_in
122,21383,acted_in
122,20545,acted_in
122,21858,acted_in
122,20305,acted_in
122,22356,acted_in
122,22605,acted_in
122,21726,acted_in
122,21992,acted_in
122,21387,acted_in
122,20444,acted_in
122,20223,acted_in
122,20998,acted_in
122,21090,acted_in
122,21591,acted_in
122,23074,acted_in
122,20103,acted_in
122,20388,acted_in
122,22596,acted_in
122,21846,acted_in
122,21617,acted_in
122,22515,acted_in
122,22439,acted_in
122,22950,acted_in
122,22045,acted_in
123,21766,acted_in
123,22216,acted_in
123,22118,acted_in
123,20347,acted_in
123,20994,acted_in
123,22507,acted_in
123,21825,acted_in
123,21572,acted_in
123,22483,acted_in
123,20548,acted_in
123,22214,acted_in
123,21681,acted_in
123,21328,acted_in
123,21958,acted_in
123,20307,acted_in
123,20145,acted_in
123,20059,acted_in
123,23016,acted_in
123,20827,acted_in
123,21819,acted_in
123,21805,acted_in
123,22289,acted_in
123,22362,acted_in
123,20303,acted_in
123,20035,acted_in
123,22029,acted_in
123,20336,acted_in
123,21963,acted_in
123,21723,acted_in
123,23112,acted_in
123,20541,acted_in
123,20651,acted_in
123,20159,acted_in
123,22123,acted_in
123,21133,acted_in
123,20644,acted_in
123,21505,acted_in
123,21908,acted_in
123,20904,acted_in
123,23109,acted_in
123,21867,acted_in
123,21521,acted_in
123,20438,acted_in
123,22868,acted_in
123,21695,acted_in
123,22771,acted_in
123,20006,acted_in
123,20147,acted_in
124,22290,acted_in
124,21829,acted_in
124,20542,acted_in
124,22465,acted_in
124,21072,acted_in
124,22394,acted_in
124,20151,acted_in
124,20834,acted_in
124,23071,acted_in
124,22373,acted_in
